{"assets/images/png/.DS_Store":["assets/images/png/.DS_Store"],"assets/images/png/Artboard%201@2x.png":["assets/images/png/Artboard%201@2x.png"],"assets/images/png/Check_CheckBox.png":["assets/images/png/Check_CheckBox.png"],"assets/images/png/Edit.png":["assets/images/png/Edit.png"],"assets/images/png/Uncheck_CheckBox.png":["assets/images/png/Uncheck_CheckBox.png"],"assets/images/png/about.png":["assets/images/png/about.png"],"assets/images/png/back_black.png":["assets/images/png/back_black.png"],"assets/images/png/boxes.png":["assets/images/png/boxes.png"],"assets/images/png/cart.png":["assets/images/png/cart.png"],"assets/images/png/cart_top.png":["assets/images/png/cart_top.png"],"assets/images/png/change.png":["assets/images/png/change.png"],"assets/images/png/checkmark.png":["assets/images/png/checkmark.png"],"assets/images/png/coupon.png":["assets/images/png/coupon.png"],"assets/images/png/delivery.png":["assets/images/png/delivery.png"],"assets/images/png/editprofile.png":["assets/images/png/editprofile.png"],"assets/images/png/facebook.png":["assets/images/png/facebook.png"],"assets/images/png/fail-circle.png":["assets/images/png/fail-circle.png"],"assets/images/png/flash.png":["assets/images/png/flash.png"],"assets/images/png/flash_sale.png":["assets/images/png/flash_sale.png"],"assets/images/png/foryou.png":["assets/images/png/foryou.png"],"assets/images/png/help.png":["assets/images/png/help.png"],"assets/images/png/hind_pass.png":["assets/images/png/hind_pass.png"],"assets/images/png/home_active.png":["assets/images/png/home_active.png"],"assets/images/png/icon_location.png":["assets/images/png/icon_location.png"],"assets/images/png/icon_scb.png":["assets/images/png/icon_scb.png"],"assets/images/png/img_login.png":["assets/images/png/img_login.png"],"assets/images/png/img_login1.png":["assets/images/png/img_login1.png"],"assets/images/png/latest.png":["assets/images/png/latest.png"],"assets/images/png/like-icon.png":["assets/images/png/like-icon.png"],"assets/images/png/like.png":["assets/images/png/like.png"],"assets/images/png/like_2.png":["assets/images/png/like_2.png"],"assets/images/png/like_line.png":["assets/images/png/like_line.png"],"assets/images/png/like_line_null.png":["assets/images/png/like_line_null.png"],"assets/images/png/map.png":["assets/images/png/map.png"],"assets/images/png/market-icon.png":["assets/images/png/market-icon.png"],"assets/images/png/me.png":["assets/images/png/me.png"],"assets/images/png/menu_like.png":["assets/images/png/menu_like.png"],"assets/images/png/menu_market.png":["assets/images/png/menu_market.png"],"assets/images/png/menu_near.png":["assets/images/png/menu_near.png"],"assets/images/png/menu_noti.png":["assets/images/png/menu_noti.png"],"assets/images/png/menu_spacial_price.png":["assets/images/png/menu_spacial_price.png"],"assets/images/png/message.png":["assets/images/png/message.png"],"assets/images/png/money.png":["assets/images/png/money.png"],"assets/images/png/money_pay.png":["assets/images/png/money_pay.png"],"assets/images/png/next.png":["assets/images/png/next.png"],"assets/images/png/noti-icon.png":["assets/images/png/noti-icon.png"],"assets/images/png/notification.png":["assets/images/png/notification.png"],"assets/images/png/orther.png":["assets/images/png/orther.png"],"assets/images/png/payment.png":["assets/images/png/payment.png"],"assets/images/png/plus.png":["assets/images/png/plus.png"],"assets/images/png/policy.png":["assets/images/png/policy.png"],"assets/images/png/product_hot.png":["assets/images/png/product_hot.png"],"assets/images/png/ruleofuse.png":["assets/images/png/ruleofuse.png"],"assets/images/png/sale_cart.png":["assets/images/png/sale_cart.png"],"assets/images/png/search.png":["assets/images/png/search.png"],"assets/images/png/search_photo.png":["assets/images/png/search_photo.png"],"assets/images/png/share.png":["assets/images/png/share.png"],"assets/images/png/show_pass.png":["assets/images/png/show_pass.png"],"assets/images/png/special-icon.png":["assets/images/png/special-icon.png"],"assets/images/png/star.png":["assets/images/png/star.png"],"assets/images/png/star_active.png":["assets/images/png/star_active.png"],"assets/images/png/star_entry.png":["assets/images/png/star_entry.png"],"assets/images/png/star_unactive.png":["assets/images/png/star_unactive.png"],"assets/images/png/status_cancel.png":["assets/images/png/status_cancel.png"],"assets/images/png/status_delivery.png":["assets/images/png/status_delivery.png"],"assets/images/png/status_pay.png":["assets/images/png/status_pay.png"],"assets/images/png/status_pickup.png":["assets/images/png/status_pickup.png"],"assets/images/png/status_restore.png":["assets/images/png/status_restore.png"],"assets/images/png/status_star.png":["assets/images/png/status_star.png"],"assets/images/png/translate.png":["assets/images/png/translate.png"],"assets/images/png/trash.png":["assets/images/png/trash.png"],"assets/images/png/type.png":["assets/images/png/type.png"],"assets/images/png/uncheckmark.png":["assets/images/png/uncheckmark.png"],"assets/images/png/work.png":["assets/images/png/work.png"],"assets/images/svg/.DS_Store":["assets/images/svg/.DS_Store"],"assets/images/svg/Check_CheckBox.svg":["assets/images/svg/Check_CheckBox.svg"],"assets/images/svg/Edit.svg":["assets/images/svg/Edit.svg"],"assets/images/svg/Uncheck_CheckBox.svg":["assets/images/svg/Uncheck_CheckBox.svg"],"assets/images/svg/about.svg":["assets/images/svg/about.svg"],"assets/images/svg/back_black.svg":["assets/images/svg/back_black.svg"],"assets/images/svg/boxes.svg":["assets/images/svg/boxes.svg"],"assets/images/svg/cart.svg":["assets/images/svg/cart.svg"],"assets/images/svg/cart_top.svg":["assets/images/svg/cart_top.svg"],"assets/images/svg/change.svg":["assets/images/svg/change.svg"],"assets/images/svg/checkmark.svg":["assets/images/svg/checkmark.svg"],"assets/images/svg/coupon.svg":["assets/images/svg/coupon.svg"],"assets/images/svg/delivery.svg":["assets/images/svg/delivery.svg"],"assets/images/svg/editprofile.svg":["assets/images/svg/editprofile.svg"],"assets/images/svg/facebook.svg":["assets/images/svg/facebook.svg"],"assets/images/svg/fail-circle.svg":["assets/images/svg/fail-circle.svg"],"assets/images/svg/flash.svg":["assets/images/svg/flash.svg"],"assets/images/svg/flash_sale.svg":["assets/images/svg/flash_sale.svg"],"assets/images/svg/foryou.svg":["assets/images/svg/foryou.svg"],"assets/images/svg/help.svg":["assets/images/svg/help.svg"],"assets/images/svg/hind_pass.svg":["assets/images/svg/hind_pass.svg"],"assets/images/svg/home_active.svg":["assets/images/svg/home_active.svg"],"assets/images/svg/latest.svg":["assets/images/svg/latest.svg"],"assets/images/svg/like.svg":["assets/images/svg/like.svg"],"assets/images/svg/like_2.svg":["assets/images/svg/like_2.svg"],"assets/images/svg/like_line.svg":["assets/images/svg/like_line.svg"],"assets/images/svg/like_line_null.svg":["assets/images/svg/like_line_null.svg"],"assets/images/svg/map.svg":["assets/images/svg/map.svg"],"assets/images/svg/me.svg":["assets/images/svg/me.svg"],"assets/images/svg/menu_like.svg":["assets/images/svg/menu_like.svg"],"assets/images/svg/menu_market.svg":["assets/images/svg/menu_market.svg"],"assets/images/svg/menu_near.svg":["assets/images/svg/menu_near.svg"],"assets/images/svg/menu_noti.svg":["assets/images/svg/menu_noti.svg"],"assets/images/svg/menu_spacial_price.svg":["assets/images/svg/menu_spacial_price.svg"],"assets/images/svg/message.svg":["assets/images/svg/message.svg"],"assets/images/svg/money.svg":["assets/images/svg/money.svg"],"assets/images/svg/money_pay.svg":["assets/images/svg/money_pay.svg"],"assets/images/svg/next.svg":["assets/images/svg/next.svg"],"assets/images/svg/notification.svg":["assets/images/svg/notification.svg"],"assets/images/svg/orther.svg":["assets/images/svg/orther.svg"],"assets/images/svg/payment.svg":["assets/images/svg/payment.svg"],"assets/images/svg/plus.svg":["assets/images/svg/plus.svg"],"assets/images/svg/policy.svg":["assets/images/svg/policy.svg"],"assets/images/svg/product_hot.svg":["assets/images/svg/product_hot.svg"],"assets/images/svg/ruleofuse.svg":["assets/images/svg/ruleofuse.svg"],"assets/images/svg/sale_cart.svg":["assets/images/svg/sale_cart.svg"],"assets/images/svg/search.svg":["assets/images/svg/search.svg"],"assets/images/svg/search_photo.svg":["assets/images/svg/search_photo.svg"],"assets/images/svg/share.svg":["assets/images/svg/share.svg"],"assets/images/svg/show_pass.svg":["assets/images/svg/show_pass.svg"],"assets/images/svg/star.svg":["assets/images/svg/star.svg"],"assets/images/svg/star_active.svg":["assets/images/svg/star_active.svg"],"assets/images/svg/star_entry.svg":["assets/images/svg/star_entry.svg"],"assets/images/svg/star_unactive.svg":["assets/images/svg/star_unactive.svg"],"assets/images/svg/status_cancel.svg":["assets/images/svg/status_cancel.svg"],"assets/images/svg/status_delivery.svg":["assets/images/svg/status_delivery.svg"],"assets/images/svg/status_pay.svg":["assets/images/svg/status_pay.svg"],"assets/images/svg/status_pickup.svg":["assets/images/svg/status_pickup.svg"],"assets/images/svg/status_restore.svg":["assets/images/svg/status_restore.svg"],"assets/images/svg/status_star.svg":["assets/images/svg/status_star.svg"],"assets/images/svg/translate.svg":["assets/images/svg/translate.svg"],"assets/images/svg/trash.svg":["assets/images/svg/trash.svg"],"assets/images/svg/type.svg":["assets/images/svg/type.svg"],"assets/images/svg/uncheckmark.svg":["assets/images/svg/uncheckmark.svg"],"assets/images/svg/work.svg":["assets/images/svg/work.svg"],"assets/json/.DS_Store":["assets/json/.DS_Store"],"assets/json/boxorder.json":["assets/json/boxorder.json"],"assets/json/delete.json":["assets/json/delete.json"],"assets/json/edit.json":["assets/json/edit.json"],"assets/json/loading.json":["assets/json/loading.json"],"assets/json/servererror.json":["assets/json/servererror.json"],"assets/sound/.DS_Store":["assets/sound/.DS_Store"],"assets/sound/Click.mp3":["assets/sound/Click.mp3"],"packages/cupertino_icons/assets/CupertinoIcons.ttf":["packages/cupertino_icons/assets/CupertinoIcons.ttf"],"packages/easy_localization/i18n/ar-DZ.json":["packages/easy_localization/i18n/ar-DZ.json"],"packages/easy_localization/i18n/ar.json":["packages/easy_localization/i18n/ar.json"],"packages/easy_localization/i18n/en-US.json":["packages/easy_localization/i18n/en-US.json"],"packages/easy_localization/i18n/en.json":["packages/easy_localization/i18n/en.json"],"packages/flutter_icons/fonts/AntDesign.ttf":["packages/flutter_icons/fonts/AntDesign.ttf"],"packages/flutter_icons/fonts/Entypo.ttf":["packages/flutter_icons/fonts/Entypo.ttf"],"packages/flutter_icons/fonts/EvilIcons.ttf":["packages/flutter_icons/fonts/EvilIcons.ttf"],"packages/flutter_icons/fonts/Feather.ttf":["packages/flutter_icons/fonts/Feather.ttf"],"packages/flutter_icons/fonts/FontAwesome.ttf":["packages/flutter_icons/fonts/FontAwesome.ttf"],"packages/flutter_icons/fonts/FontAwesome5_Brands.ttf":["packages/flutter_icons/fonts/FontAwesome5_Brands.ttf"],"packages/flutter_icons/fonts/FontAwesome5_Regular.ttf":["packages/flutter_icons/fonts/FontAwesome5_Regular.ttf"],"packages/flutter_icons/fonts/FontAwesome5_Solid.ttf":["packages/flutter_icons/fonts/FontAwesome5_Solid.ttf"],"packages/flutter_icons/fonts/Foundation.ttf":["packages/flutter_icons/fonts/Foundation.ttf"],"packages/flutter_icons/fonts/Ionicons.ttf":["packages/flutter_icons/fonts/Ionicons.ttf"],"packages/flutter_icons/fonts/MaterialCommunityIcons.ttf":["packages/flutter_icons/fonts/MaterialCommunityIcons.ttf"],"packages/flutter_icons/fonts/MaterialIcons.ttf":["packages/flutter_icons/fonts/MaterialIcons.ttf"],"packages/flutter_icons/fonts/Octicons.ttf":["packages/flutter_icons/fonts/Octicons.ttf"],"packages/flutter_icons/fonts/SimpleLineIcons.ttf":["packages/flutter_icons/fonts/SimpleLineIcons.ttf"],"packages/flutter_icons/fonts/Zocial.ttf":["packages/flutter_icons/fonts/Zocial.ttf"],"packages/flutter_icons/fonts/weathericons.ttf":["packages/flutter_icons/fonts/weathericons.ttf"],"packages/progress_dialog/assets/double_ring_loading_io.gif":["packages/progress_dialog/assets/double_ring_loading_io.gif"],"packages/wakelock_web/assets/no_sleep.js":["packages/wakelock_web/assets/no_sleep.js"],"resources/langs/en-US.json":["resources/langs/en-US.json"],"resources/langs/th-TH.json":["resources/langs/th-TH.json"]}