{"v":"5.5.10","fr":60,"ip":0,"op":40,"w":512,"h":512,"nm":"Video icons","ddd":0,"assets":[],"layers":[{"ddd":0,"ind":1,"ty":4,"nm":"top Outlines","sr":1,"ks":{"r":{"a":1,"k":[{"i":{"x":[0.667],"y":[1]},"o":{"x":[0.333],"y":[0]},"t":10,"s":[0],"e":[12]},{"i":{"x":[0.667],"y":[1]},"o":{"x":[0.333],"y":[0]},"t":15,"s":[12],"e":[-10]},{"i":{"x":[0.667],"y":[1]},"o":{"x":[0.333],"y":[0]},"t":20,"s":[-10],"e":[3]},{"i":{"x":[0.667],"y":[1]},"o":{"x":[0.333],"y":[0]},"t":24,"s":[3],"e":[-5.5]},{"i":{"x":[0.667],"y":[1]},"o":{"x":[0.333],"y":[0]},"t":26,"s":[-5.5],"e":[0]},{"t":28}]},"p":{"a":1,"k":[{"i":{"x":0.667,"y":1},"o":{"x":0.333,"y":0},"t":0,"s":[255.75,128.298,0],"e":[255.75,96.298,0],"to":[0,0,0],"ti":[0,0,0]},{"i":{"x":0.667,"y":1},"o":{"x":0.333,"y":0},"t":13,"s":[255.75,96.298,0],"e":[255.75,107.298,0],"to":[0,0,0],"ti":[0,0,0]},{"i":{"x":0.667,"y":1},"o":{"x":0.333,"y":0},"t":22,"s":[255.75,107.298,0],"e":[255.75,132.298,0],"to":[0,0,0],"ti":[0,0,0]},{"i":{"x":0.667,"y":1},"o":{"x":0.333,"y":0},"t":25,"s":[255.75,132.298,0],"e":[255.75,118.298,0],"to":[0,0,0],"ti":[0,0,0]},{"i":{"x":0.667,"y":1},"o":{"x":0.333,"y":0},"t":26,"s":[255.75,118.29799999999999,0],"e":[255.75,128.298,0],"to":[0,0,0],"ti":[0,0,0]},{"t":28}]},"a":{"a":0,"k":[131.001,55.758,0]},"s":{"a":0,"k":[130,130,100]}},"ao":0,"shapes":[{"ty":"gr","it":[{"ind":0,"ty":"sh","ks":{"a":0,"k":{"i":[[3.854,0],[0,0],[0,0],[4.043,0],[0,0],[0,-4.044],[0,0],[0,0],[0,-3.855],[0,0],[-3.855,0],[0,0],[0,3.855],[0,0]],"o":[[0,0],[0,0],[0,-4.044],[0,0],[-4.043,0],[0,0],[0,0],[-3.855,0],[0,0],[0,3.855],[0,0],[3.854,0],[0,0],[0,-3.855]],"v":[[124.022,-8.819],[56.655,-8.819],[56.655,-20.437],[49.334,-27.758],[-49.73,-27.758],[-57.052,-20.437],[-57.052,-8.819],[-124.02,-8.819],[-131,-1.839],[-131,20.778],[-124.02,27.758],[124.022,27.758],[131.001,20.778],[131.001,-1.839]],"c":true}},"nm":"Path 1","hd":false},{"ty":"fl","c":{"a":0,"k":[1,1,1,1]},"o":{"a":0,"k":100},"r":1,"bm":0,"nm":"Fill 1","hd":false},{"ty":"tr","p":{"a":0,"k":[131.25,28.008]},"a":{"a":0,"k":[0,0]},"s":{"a":0,"k":[100,100]},"r":{"a":0,"k":0},"o":{"a":0,"k":100},"sk":{"a":0,"k":0},"sa":{"a":0,"k":0},"nm":"Transform"}],"nm":"Group 1","bm":0,"hd":false}],"ip":0,"op":40,"st":0,"bm":0},{"ddd":0,"ind":3,"ty":4,"nm":"bin Outlines","sr":1,"ks":{"p":{"a":0,"k":[256.397,311.173,0]},"a":{"a":0,"k":[112.565,134.034,0]},"s":{"a":0,"k":[130,130,100]}},"ao":0,"shapes":[{"ty":"gr","it":[{"ind":0,"ty":"sh","ks":{"a":0,"k":{"i":[[6.89,0],[0,0],[0,6.891],[0,0],[0,0],[0,0]],"o":[[0,0],[-6.889,0],[0,0],[0,0],[0,0],[0,6.891]],"v":[[0.401,110.494],[-0.402,110.494],[-12.876,98.018],[-12.876,-110.494],[12.876,-110.494],[12.876,98.018]],"c":true}},"nm":"Path 1","hd":false},{"ty":"fl","c":{"a":0,"k":[1,1,1,1]},"o":{"a":0,"k":100},"r":1,"bm":0,"nm":"Fill 1","hd":false},{"ty":"tr","p":{"a":0,"k":[185.825,137.355]},"a":{"a":0,"k":[0,0]},"s":{"a":0,"k":[100,94.606]},"r":{"a":0,"k":0},"o":{"a":0,"k":100},"sk":{"a":0,"k":0},"sa":{"a":0,"k":0},"nm":"Transform"}],"nm":"Group 1","bm":0,"hd":false},{"ty":"gr","it":[{"ind":0,"ty":"sh","ks":{"a":0,"k":{"i":[[6.89,0],[0,0],[0,6.891],[0,0],[0,0],[0,0]],"o":[[0,0],[-6.89,0],[0,0],[0,0],[0,0],[0,6.891]],"v":[[0.401,110.494],[-0.401,110.494],[-12.876,98.018],[-12.876,-110.494],[12.876,-110.494],[12.876,98.018]],"c":true}},"nm":"Path 1","hd":false},{"ty":"fl","c":{"a":0,"k":[1,1,1,1]},"o":{"a":0,"k":100},"r":1,"bm":0,"nm":"Fill 1","hd":false},{"ty":"tr","p":{"a":0,"k":[116.005,137.355]},"a":{"a":0,"k":[0,0]},"s":{"a":0,"k":[100,94.606]},"r":{"a":0,"k":0},"o":{"a":0,"k":100},"sk":{"a":0,"k":0},"sa":{"a":0,"k":0},"nm":"Transform"}],"nm":"Group 2","bm":0,"hd":false},{"ty":"gr","it":[{"ind":0,"ty":"sh","ks":{"a":0,"k":{"i":[[6.89,0],[0,0],[0,6.891],[0,0],[0,0],[0,0]],"o":[[0,0],[-6.89,0],[0,0],[0,0],[0,0],[0,6.891]],"v":[[0.401,110.494],[-0.402,110.494],[-12.877,98.018],[-12.877,-110.494],[12.877,-110.494],[12.877,98.018]],"c":true}},"nm":"Path 1","hd":false},{"ty":"fl","c":{"a":0,"k":[1,1,1,1]},"o":{"a":0,"k":100},"r":1,"bm":0,"nm":"Fill 1","hd":false},{"ty":"tr","p":{"a":0,"k":[41.875,137.355]},"a":{"a":0,"k":[0,0]},"s":{"a":0,"k":[100,94.606]},"r":{"a":0,"k":0},"o":{"a":0,"k":100},"sk":{"a":0,"k":0},"sa":{"a":0,"k":0},"nm":"Transform"}],"nm":"Group 3","bm":0,"hd":false},{"ty":"gr","it":[{"ind":0,"ty":"sh","ks":{"a":0,"k":{"i":[[10.666,0],[0,0],[0,10.666],[0,0],[0,0],[0,0]],"o":[[0,0],[-10.665,0],[0,0],[0,0],[0,0],[0,10.666]],"v":[[93.003,133.784],[-93.003,133.784],[-112.315,114.472],[-112.315,-133.784],[112.315,-133.784],[112.315,114.472]],"c":true}},"nm":"Path 1","hd":false},{"ty":"fl","c":{"a":0,"k":[1,1,1,1]},"o":{"a":0,"k":100},"r":1,"bm":0,"nm":"Fill 1","hd":false},{"ty":"tr","p":{"a":0,"k":[112.565,134.034]},"a":{"a":0,"k":[0,0]},"s":{"a":0,"k":[100,100]},"r":{"a":0,"k":0},"o":{"a":0,"k":100},"sk":{"a":0,"k":0},"sa":{"a":0,"k":0},"nm":"Transform"}],"nm":"Group 4","bm":0,"hd":false}],"ip":0,"op":40,"st":0,"bm":0}],"markers":[]}